0000000_50BIR76.jpg	50BIR76	0.000
0000001_71ORI08.jpg	71ORI08	0.002
0000002_43US947.jpg	43US947	0.003
0000003_67GY969.jpg	67GY969	0.005
0000004_61ZY302.jpg	61ZY302	0.006
0000005_01G1934.jpg	01G1934	0.008
0000006_38E2455.jpg	38E2455	0.010
0000007_43FV961.jpg	43FV961	0.011
0000008_28DG765.jpg	28DG765	0.013
0000009_20LRM88.jpg	20LRM88	0.014
0000010_63B9795.jpg	63B9795	0.016
0000011_17G5574.jpg	17G5574	0.018
0000012_53N5735.jpg	53N5735	0.019
0000013_61Y7386.jpg	61Y7386	0.021
0000014_36OL9221.jpg	36OL9221	0.022
0000015_25N7562.jpg	25N7562	0.024
0000016_37NO0886.jpg	37NO0886	0.026
0000017_11RL334.jpg	11RL334	0.027
0000018_37HC845.jpg	37HC845	0.029
0000019_68PO4038.jpg	68PO4038	0.030
0000020_59UU045.jpg	59UU045	0.032
0000021_38PM9620.jpg	38PM9620	0.034
0000022_20LOB86.jpg	20LOB86	0.035
0000023_35NL9514.jpg	35NL9514	0.037
0000024_40F2270.jpg	40F2270	0.038
0000025_75VR051.jpg	75VR051	0.040
0000026_44BN046.jpg	44BN046	0.042
0000027_71PCB86.jpg	71PCB86	0.043
0000028_80AP6033.jpg	80AP6033	0.045
0000029_66SM126.jpg	66SM126	0.046
0000030_53TJ815.jpg	53TJ815	0.048
0000031_43N4258.jpg	43N4258	0.050
0000032_63FS818.jpg	63FS818	0.051
0000033_30J2512.jpg	30J2512	0.053
0000034_46MU2165.jpg	46MU2165	0.054
0000035_30BTB61.jpg	30BTB61	0.056
0000036_01GMB94.jpg	01GMB94	0.058
0000037_01OHN34.jpg	01OHN34	0.059
0000038_25FR8996.jpg	25FR8996	0.061
0000039_25LS576.jpg	25LS576	0.062
0000040_09U7036.jpg	09U7036	0.064
0000041_18AD630.jpg	18AD630	0.066
0000042_17BRH51.jpg	17BRH51	0.067
0000043_42JH640.jpg	42JH640	0.069
0000044_68DRH74.jpg	68DRH74	0.070
0000045_32ZA7306.jpg	32ZA7306	0.072
0000046_21GB081.jpg	21GB081	0.074
0000047_75ZRJ93.jpg	75ZRJ93	0.075
0000048_47CT6102.jpg	47CT6102	0.077
0000049_36PUK41.jpg	36PUK41	0.078
0000050_53B9628.jpg	53B9628	0.080
0000051_68A4228.jpg	68A4228	0.082
0000052_62TKY97.jpg	62TKY97	0.083
0000053_45BP826.jpg	45BP826	0.085
0000054_19HE4828.jpg	19HE4828	0.086
0000055_15K2498.jpg	15K2498	0.088
0000056_23KYO34.jpg	23KYO34	0.090
0000057_17VB497.jpg	17VB497	0.091
0000058_78L5303.jpg	78L5303	0.093
0000059_48DR551.jpg	48DR551	0.094
0000060_34ZS6231.jpg	34ZS6231	0.096
0000061_45IV6604.jpg	45IV6604	0.098
0000062_73FA416.jpg	73FA416	0.099
0000063_12S9403.jpg	12S9403	0.101
0000064_33IF2375.jpg	33IF2375	0.103
0000065_70ZKA39.jpg	70ZKA39	0.104
0000066_76PS5469.jpg	76PS5469	0.106
0000067_37JM0945.jpg	37JM0945	0.107
0000068_14LN821.jpg	14LN821	0.109
0000069_27FD772.jpg	27FD772	0.111
0000070_06AA9252.jpg	06AA9252	0.112
0000071_81UAY39.jpg	81UAY39	0.114
0000072_20IPK83.jpg	20IPK83	0.115
0000073_61MVG16.jpg	61MVG16	0.117
0000074_39FS273.jpg	39FS273	0.119
0000075_23ZIK26.jpg	23ZIK26	0.120
0000076_38U9243.jpg	38U9243	0.122
0000077_27BUH90.jpg	27BUH90	0.123
0000078_43IZA37.jpg	43IZA37	0.125
0000079_76ET355.jpg	76ET355	0.127
0000080_08KF1847.jpg	08KF1847	0.128
0000081_23CN878.jpg	23CN878	0.130
0000082_51S0861.jpg	51S0861	0.131
0000083_30VD6948.jpg	30VD6948	0.133
0000084_62JKU13.jpg	62JKU13	0.135
0000085_03K0621.jpg	03K0621	0.136
0000086_07L0337.jpg	07L0337	0.138
0000087_52PJK09.jpg	52PJK09	0.139
0000088_80LU447.jpg	80LU447	0.141
0000089_38VI3600.jpg	38VI3600	0.143
0000090_18K9989.jpg	18K9989	0.144
0000091_38NA936.jpg	38NA936	0.146
0000092_56AH962.jpg	56AH962	0.147
0000093_38DJI22.jpg	38DJI22	0.149
0000094_62YT3166.jpg	62YT3166	0.151
0000095_74D6725.jpg	74D6725	0.152
0000096_63H9594.jpg	63H9594	0.154
0000097_16V8198.jpg	16V8198	0.155
0000098_47CTP71.jpg	47CTP71	0.157
0000099_43ERJ73.jpg	43ERJ73	0.159
0000100_28KIH90.jpg	28KIH90	0.160
0000101_79IR5521.jpg	79IR5521	0.162
0000102_02YD563.jpg	02YD563	0.163
0000103_04UJ409.jpg	04UJ409	0.165
0000104_81FC9957.jpg	81FC9957	0.167
0000105_09VT3928.jpg	09VT3928	0.168
0000106_58KEV10.jpg	58KEV10	0.170
0000107_13NN8482.jpg	13NN8482	0.171
0000108_08N3449.jpg	08N3449	0.173
0000109_03O7038.jpg	03O7038	0.175
0000110_55BB567.jpg	55BB567	0.176
0000111_70VY542.jpg	70VY542	0.178
0000112_35GT5216.jpg	35GT5216	0.179
0000113_69YE121.jpg	69YE121	0.181
0000114_44OE8401.jpg	44OE8401	0.183
0000115_04SP1841.jpg	04SP1841	0.184
0000116_19YJ9993.jpg	19YJ9993	0.186
0000117_58I3035.jpg	58I3035	0.187
0000118_27DY334.jpg	27DY334	0.189
0000119_38Z9541.jpg	38Z9541	0.191
0000120_31LK2636.jpg	31LK2636	0.192
0000121_35BL9494.jpg	35BL9494	0.194
0000122_10SN581.jpg	10SN581	0.195
0000123_34CO187.jpg	34CO187	0.197
0000124_33Y7906.jpg	33Y7906	0.199
0000125_37UDE48.jpg	37UDE48	0.200
0000126_67NUI51.jpg	67NUI51	0.202
0000127_49YK4653.jpg	49YK4653	0.203
0000128_23YB319.jpg	23YB319	0.205
0000129_21TRO88.jpg	21TRO88	0.207
0000130_64BA7210.jpg	64BA7210	0.208
0000131_72H2097.jpg	72H2097	0.210
0000132_32R1065.jpg	32R1065	0.211
0000133_15JF898.jpg	15JF898	0.213
0000134_08U8616.jpg	08U8616	0.215
0000135_81Z7042.jpg	81Z7042	0.216
0000136_50KOD18.jpg	50KOD18	0.218
0000137_27PZS04.jpg	27PZS04	0.219
0000138_26ZV6238.jpg	26ZV6238	0.221
0000139_44PV9498.jpg	44PV9498	0.223
0000140_27BK590.jpg	27BK590	0.224
0000141_51FAB11.jpg	51FAB11	0.226
0000142_02GL300.jpg	02GL300	0.227
0000143_50AE842.jpg	50AE842	0.229
0000144_51SM5566.jpg	51SM5566	0.231
0000145_62EM0336.jpg	62EM0336	0.232
0000146_10AT4230.jpg	10AT4230	0.234
0000147_63G0564.jpg	63G0564	0.235
0000148_65G2156.jpg	65G2156	0.237
0000149_41ODE77.jpg	41ODE77	0.239
0000150_61SIU01.jpg	61SIU01	0.240
0000151_73HL592.jpg	73HL592	0.242
0000152_71CT4259.jpg	71CT4259	0.243
0000153_56LG0539.jpg	56LG0539	0.245
0000154_62DE245.jpg	62DE245	0.247
0000155_59ID258.jpg	59ID258	0.248
0000156_73RZ548.jpg	73RZ548	0.250
0000157_70EN5076.jpg	70EN5076	0.251
0000158_07EGN20.jpg	07EGN20	0.253
0000159_50Y6269.jpg	50Y6269	0.255
0000160_65AL334.jpg	65AL334	0.256
0000161_77PZL82.jpg	77PZL82	0.258
0000162_07V7586.jpg	07V7586	0.259
0000163_74THH14.jpg	74THH14	0.261
0000164_80IN7766.jpg	80IN7766	0.263
0000165_54Z7269.jpg	54Z7269	0.264
0000166_08TRY05.jpg	08TRY05	0.266
0000167_14PMF57.jpg	14PMF57	0.267
0000168_07DZ9638.jpg	07DZ9638	0.269
0000169_34TM311.jpg	34TM311	0.271
0000170_57SK5906.jpg	57SK5906	0.272
0000171_01GL3675.jpg	01GL3675	0.274
0000172_55N1474.jpg	55N1474	0.275
0000173_69Y5164.jpg	69Y5164	0.277
0000174_54ONY61.jpg	54ONY61	0.279
0000175_09HU8177.jpg	09HU8177	0.280
0000176_39I3269.jpg	39I3269	0.282
0000177_08FGP12.jpg	08FGP12	0.283
0000178_79D3169.jpg	79D3169	0.285
0000179_15R2212.jpg	15R2212	0.287
0000180_10P1255.jpg	10P1255	0.288
0000181_58ZU415.jpg	58ZU415	0.290
0000182_58OM784.jpg	58OM784	0.291
0000183_09V4906.jpg	09V4906	0.293
0000184_08HF1857.jpg	08HF1857	0.295
0000185_60CO076.jpg	60CO076	0.296
0000186_65ZH901.jpg	65ZH901	0.298
0000187_75JVK90.jpg	75JVK90	0.299
0000188_13FS2976.jpg	13FS2976	0.301
0000189_12BH2696.jpg	12BH2696	0.303
0000190_04IIK88.jpg	04IIK88	0.304
0000191_13GY7201.jpg	13GY7201	0.306
0000192_63AV517.jpg	63AV517	0.308
0000193_24YAT21.jpg	24YAT21	0.309
0000194_53BOY94.jpg	53BOY94	0.311
0000195_69SM6510.jpg	69SM6510	0.312
0000196_42CN8186.jpg	42CN8186	0.314
0000197_11JC177.jpg	11JC177	0.316
0000198_11PE164.jpg	11PE164	0.317
0000199_11U6934.jpg	11U6934	0.319
0000200_24TY422.jpg	24TY422	0.320
0000201_48MGE63.jpg	48MGE63	0.322
0000202_24HA8570.jpg	24HA8570	0.324
0000203_29VZE70.jpg	29VZE70	0.325
0000204_16T2202.jpg	16T2202	0.327
0000205_32HF4152.jpg	32HF4152	0.328
0000206_03O2721.jpg	03O2721	0.330
0000207_10EMF08.jpg	10EMF08	0.332
0000208_65C8986.jpg	65C8986	0.333
0000209_60F4784.jpg	60F4784	0.335
0000210_51R6123.jpg	51R6123	0.336
0000211_01RRU90.jpg	01RRU90	0.338
0000212_39AI5255.jpg	39AI5255	0.340
0000213_75VZ168.jpg	75VZ168	0.341
0000214_50FV023.jpg	50FV023	0.343
0000215_76HB7819.jpg	76HB7819	0.344
0000216_12R9525.jpg	12R9525	0.346
0000217_15TH0501.jpg	15TH0501	0.348
0000218_50NH421.jpg	50NH421	0.349
0000219_48N0085.jpg	48N0085	0.351
0000220_11JE733.jpg	11JE733	0.352
0000221_48AA0698.jpg	48AA0698	0.354
0000222_11PF2545.jpg	11PF2545	0.356
0000223_26T1614.jpg	26T1614	0.357
0000224_79TPT56.jpg	79TPT56	0.359
0000225_15TKO40.jpg	15TKO40	0.360
0000226_76VEU22.jpg	76VEU22	0.362
0000227_59ZZ248.jpg	59ZZ248	0.364
0000228_47LT5529.jpg	47LT5529	0.365
0000229_29LO800.jpg	29LO800	0.367
0000230_60BMD79.jpg	60BMD79	0.368
0000231_60KA422.jpg	60KA422	0.370
0000232_46FV0099.jpg	46FV0099	0.372
0000233_51RRU96.jpg	51RRU96	0.373
0000234_26OI5272.jpg	26OI5272	0.375
0000235_70HT036.jpg	70HT036	0.376
0000236_45NFS81.jpg	45NFS81	0.378
0000237_57SOV21.jpg	57SOV21	0.380
0000238_18TP4112.jpg	18TP4112	0.381
0000239_21CC750.jpg	21CC750	0.383
0000240_66MU5713.jpg	66MU5713	0.384
0000241_36IT9307.jpg	36IT9307	0.386
0000242_53AP3180.jpg	53AP3180	0.388
0000243_65JY161.jpg	65JY161	0.389
0000244_21VP072.jpg	21VP072	0.391
0000245_47OHR28.jpg	47OHR28	0.392
0000246_60FL225.jpg	60FL225	0.394
0000247_07ZNH15.jpg	07ZNH15	0.396
0000248_58FON91.jpg	58FON91	0.397
0000249_33ZAG07.jpg	33ZAG07	0.399
0000250_07DG9024.jpg	07DG9024	0.400
0000251_23RZ471.jpg	23RZ471	0.402
0000252_39JED86.jpg	39JED86	0.404
0000253_61T9188.jpg	61T9188	0.405
0000254_71L8378.jpg	71L8378	0.407
0000255_51NO643.jpg	51NO643	0.408
0000256_17LP987.jpg	17LP987	0.410
0000257_77AF5854.jpg	77AF5854	0.412
0000258_11Z0264.jpg	11Z0264	0.413
0000259_06JTD65.jpg	06JTD65	0.415
0000260_24V0292.jpg	24V0292	0.416
0000261_38AJS11.jpg	38AJS11	0.418
0000262_43IL2910.jpg	43IL2910	0.420
0000263_65NZ331.jpg	65NZ331	0.421
0000264_47BZ708.jpg	47BZ708	0.423
0000265_74RO6023.jpg	74RO6023	0.424
0000266_39ZE0651.jpg	39ZE0651	0.426
0000267_49H4847.jpg	49H4847	0.428
0000268_23BD0739.jpg	23BD0739	0.429
0000269_06AV4796.jpg	06AV4796	0.431
0000270_04JK6004.jpg	04JK6004	0.432
0000271_75UZL83.jpg	75UZL83	0.434
0000272_76VEZ96.jpg	76VEZ96	0.436
0000273_78RE9310.jpg	78RE9310	0.437
0000274_15LM226.jpg	15LM226	0.439
0000275_12IH594.jpg	12IH594	0.440
0000276_18OM597.jpg	18OM597	0.442
0000277_76DV244.jpg	76DV244	0.444
0000278_09PET46.jpg	09PET46	0.445
0000279_54OCM37.jpg	54OCM37	0.447
0000280_67FV380.jpg	67FV380	0.448
0000281_30B0465.jpg	30B0465	0.450
0000282_48KL6832.jpg	48KL6832	0.452
0000283_01V9706.jpg	01V9706	0.453
0000284_25V4222.jpg	25V4222	0.455
0000285_50G8051.jpg	50G8051	0.456
0000286_03S1844.jpg	03S1844	0.458
0000287_68H5631.jpg	68H5631	0.460
0000288_81VI8020.jpg	81VI8020	0.461
0000289_66FY4979.jpg	66FY4979	0.463
0000290_14MJ937.jpg	14MJ937	0.464
0000291_07FT259.jpg	07FT259	0.466
0000292_10JFZ17.jpg	10JFZ17	0.468
0000293_26CVU68.jpg	26CVU68	0.469
0000294_01JD525.jpg	01JD525	0.471
0000295_37ZB0139.jpg	37ZB0139	0.472
0000296_20RG7632.jpg	20RG7632	0.474
0000297_04UJ3939.jpg	04UJ3939	0.476
0000298_14PU6738.jpg	14PU6738	0.477
0000299_58DJ5009.jpg	58DJ5009	0.479
0000300_81VA287.jpg	81VA287	0.480
0000301_38BU427.jpg	38BU427	0.482
0000302_79YHY54.jpg	79YHY54	0.484
0000303_55N2350.jpg	55N2350	0.485
0000304_48L3842.jpg	48L3842	0.487
0000305_22K5308.jpg	22K5308	0.488
0000306_49HPH94.jpg	49HPH94	0.490
0000307_04PI955.jpg	04PI955	0.492
0000308_39FOK73.jpg	39FOK73	0.493
0000309_07C3027.jpg	07C3027	0.495
0000310_74A9073.jpg	74A9073	0.496
0000311_47P6011.jpg	47P6011	0.498
0000312_42KPS05.jpg	42KPS05	0.500
0000313_44YHT60.jpg	44YHT60	0.501
0000314_65AP5350.jpg	65AP5350	0.503
0000315_72SY4453.jpg	72SY4453	0.505
0000316_27U1976.jpg	27U1976	0.506
0000317_28PBZ18.jpg	28PBZ18	0.508
0000318_11R1218.jpg	11R1218	0.509
0000319_73SK0698.jpg	73SK0698	0.511
0000320_19GA2335.jpg	19GA2335	0.513
0000321_72FBN79.jpg	72FBN79	0.514
0000322_17SD0412.jpg	17SD0412	0.516
0000323_48M4323.jpg	48M4323	0.517
0000324_66I6032.jpg	66I6032	0.519
0000325_02OF6637.jpg	02OF6637	0.521
0000326_59MPK49.jpg	59MPK49	0.522
0000327_30I0308.jpg	30I0308	0.524
0000328_28IIU56.jpg	28IIU56	0.525
0000329_24HJ417.jpg	24HJ417	0.527
0000330_42ZA381.jpg	42ZA381	0.529
0000331_69H3354.jpg	69H3354	0.530
0000332_35SDD55.jpg	35SDD55	0.532
0000333_21FK7748.jpg	21FK7748	0.533
0000334_07ZRY25.jpg	07ZRY25	0.535
0000335_25FH051.jpg	25FH051	0.537
0000336_28SGS75.jpg	28SGS75	0.538
0000337_26T3842.jpg	26T3842	0.540
0000338_07UM611.jpg	07UM611	0.541
0000339_26GID11.jpg	26GID11	0.543
0000340_12UR0753.jpg	12UR0753	0.545
0000341_63VC218.jpg	63VC218	0.546
0000342_70BU1153.jpg	70BU1153	0.548
0000343_57TK9971.jpg	57TK9971	0.549
0000344_38RE442.jpg	38RE442	0.551
0000345_06BG022.jpg	06BG022	0.553
0000346_20KSH62.jpg	20KSH62	0.554
0000347_02J2749.jpg	02J2749	0.556
0000348_03HI6588.jpg	03HI6588	0.557
0000349_43YC8601.jpg	43YC8601	0.559
0000350_58K7969.jpg	58K7969	0.561
0000351_30VI9430.jpg	30VI9430	0.562
0000352_61DY1816.jpg	61DY1816	0.564
0000353_51VBD51.jpg	51VBD51	0.565
0000354_16ZK925.jpg	16ZK925	0.567
0000355_08H9728.jpg	08H9728	0.569
0000356_32PHG64.jpg	32PHG64	0.570
0000357_01M5514.jpg	01M5514	0.572
0000358_13MT6140.jpg	13MT6140	0.573
0000359_30FI733.jpg	30FI733	0.575
0000360_75SAJ80.jpg	75SAJ80	0.577
0000361_52P8820.jpg	52P8820	0.578
0000362_09T5708.jpg	09T5708	0.580
0000363_01Y2193.jpg	01Y2193	0.581
0000364_07DZ292.jpg	07DZ292	0.583
0000365_45YN8699.jpg	45YN8699	0.585
0000366_30KA034.jpg	30KA034	0.586
0000367_65LT703.jpg	65LT703	0.588
0000368_32SB967.jpg	32SB967	0.589
0000369_23BY2267.jpg	23BY2267	0.591
0000370_09U9900.jpg	09U9900	0.593
0000371_25V3139.jpg	25V3139	0.594
0000372_42BI287.jpg	42BI287	0.596
0000373_60TU312.jpg	60TU312	0.597
0000374_03A3260.jpg	03A3260	0.599
0000375_70DF9035.jpg	70DF9035	0.601
0000376_25GZJ76.jpg	25GZJ76	0.602
0000377_35ET2955.jpg	35ET2955	0.604
0000378_52LE592.jpg	52LE592	0.605
0000379_57YM9095.jpg	57YM9095	0.607
0000380_81Z0063.jpg	81Z0063	0.609
0000381_55P7590.jpg	55P7590	0.610
0000382_80JAJ52.jpg	80JAJ52	0.612
0000383_38ET881.jpg	38ET881	0.613
0000384_15TM3398.jpg	15TM3398	0.615
0000385_59YV7066.jpg	59YV7066	0.617
0000386_46LA2999.jpg	46LA2999	0.618
0000387_20U2751.jpg	20U2751	0.620
0000388_18EOP15.jpg	18EOP15	0.621
0000389_50NDR37.jpg	50NDR37	0.623
0000390_79VS749.jpg	79VS749	0.625
0000391_31DU1304.jpg	31DU1304	0.626
0000392_08MI8281.jpg	08MI8281	0.628
0000393_71KD705.jpg	71KD705	0.629
0000394_81P3260.jpg	81P3260	0.631
0000395_22CY592.jpg	22CY592	0.633
0000396_53YEG57.jpg	53YEG57	0.634
0000397_40E2957.jpg	40E2957	0.636
0000398_03UNU73.jpg	03UNU73	0.637
0000399_70VE791.jpg	70VE791	0.639
0000400_16U8951.jpg	16U8951	0.641
0000401_19BML98.jpg	19BML98	0.642
0000402_28TV0337.jpg	28TV0337	0.644
0000403_74F0005.jpg	74F0005	0.645
0000404_50MY2968.jpg	50MY2968	0.647
0000405_30BL484.jpg	30BL484	0.649
0000406_79THM94.jpg	79THM94	0.650
0000407_12FV2960.jpg	12FV2960	0.652
0000408_48UA6703.jpg	48UA6703	0.653
0000409_42G9739.jpg	42G9739	0.655
0000410_60ZI9020.jpg	60ZI9020	0.657
0000411_55KI8700.jpg	55KI8700	0.658
0000412_17IZ520.jpg	17IZ520	0.660
0000413_20HE093.jpg	20HE093	0.661
0000414_34P4438.jpg	34P4438	0.663
0000415_05DNH87.jpg	05DNH87	0.665
0000416_61FP118.jpg	61FP118	0.666
0000417_51M5157.jpg	51M5157	0.668
0000418_24BD818.jpg	24BD818	0.669
0000419_59AF063.jpg	59AF063	0.671
0000420_18JGO91.jpg	18JGO91	0.673
0000421_11UZ6321.jpg	11UZ6321	0.674
0000422_04TK1206.jpg	04TK1206	0.676
0000423_52DIT62.jpg	52DIT62	0.677
0000424_58BB1740.jpg	58BB1740	0.679
0000425_39BL8320.jpg	39BL8320	0.681
0000426_42NB711.jpg	42NB711	0.682
0000427_78BZS52.jpg	78BZS52	0.684
0000428_34KO959.jpg	34KO959	0.685
0000429_73IO7070.jpg	73IO7070	0.687
0000430_15ORG27.jpg	15ORG27	0.689
0000431_56IOE49.jpg	56IOE49	0.690
0000432_25ZK2025.jpg	25ZK2025	0.692
0000433_06PFT30.jpg	06PFT30	0.693
0000434_29FKN07.jpg	29FKN07	0.695
0000435_79YK445.jpg	79YK445	0.697
0000436_58CE449.jpg	58CE449	0.698
0000437_20RD5457.jpg	20RD5457	0.700
0000438_45NHU15.jpg	45NHU15	0.702
0000439_54FUH15.jpg	54FUH15	0.703
0000440_70VJB98.jpg	70VJB98	0.705
0000441_72EM8444.jpg	72EM8444	0.706
0000442_72H8979.jpg	72H8979	0.708
0000443_67TT861.jpg	67TT861	0.710
0000444_13GE203.jpg	13GE203	0.711
0000445_80KO023.jpg	80KO023	0.713
0000446_58I7318.jpg	58I7318	0.714
0000447_31ML506.jpg	31ML506	0.716
0000448_71HZ689.jpg	71HZ689	0.718
0000449_25NF4218.jpg	25NF4218	0.719
0000450_31FHU34.jpg	31FHU34	0.721
0000451_70RT420.jpg	70RT420	0.722
0000452_74TD1307.jpg	74TD1307	0.724
0000453_05G9977.jpg	05G9977	0.726
0000454_40HOC58.jpg	40HOC58	0.727
0000455_31VA7198.jpg	31VA7198	0.729
0000456_68MKE27.jpg	68MKE27	0.730
0000457_22EM041.jpg	22EM041	0.732
0000458_40UY5023.jpg	40UY5023	0.734
0000459_76TR5311.jpg	76TR5311	0.735
0000460_34NK2996.jpg	34NK2996	0.737
0000461_17U2058.jpg	17U2058	0.738
0000462_55OCT83.jpg	55OCT83	0.740
0000463_75SG890.jpg	75SG890	0.742
0000464_20IF8733.jpg	20IF8733	0.743
0000465_49N9191.jpg	49N9191	0.745
0000466_22CKP23.jpg	22CKP23	0.746
0000467_21UVZ14.jpg	21UVZ14	0.748
0000468_52RJJ88.jpg	52RJJ88	0.750
0000469_25PT974.jpg	25PT974	0.751
0000470_51BZ6985.jpg	51BZ6985	0.753
0000471_13YCB93.jpg	13YCB93	0.754
0000472_28O1461.jpg	28O1461	0.756
0000473_13YOZ60.jpg	13YOZ60	0.758
0000474_66OJ982.jpg	66OJ982	0.759
0000475_33U0206.jpg	33U0206	0.761
0000476_45Y4221.jpg	45Y4221	0.762
0000477_20J5109.jpg	20J5109	0.764
0000478_15I6324.jpg	15I6324	0.766
0000479_51EC5874.jpg	51EC5874	0.767
0000480_47NT3335.jpg	47NT3335	0.769
0000481_69POH60.jpg	69POH60	0.770
0000482_08MG280.jpg	08MG280	0.772
0000483_13KK9625.jpg	13KK9625	0.774
0000484_01TZ668.jpg	01TZ668	0.775
0000485_43AV112.jpg	43AV112	0.777
0000486_35FD551.jpg	35FD551	0.778
0000487_24ZAP86.jpg	24ZAP86	0.780
0000488_65DNJ81.jpg	65DNJ81	0.782
0000489_73T5939.jpg	73T5939	0.783
0000490_20K5670.jpg	20K5670	0.785
0000491_31MY1901.jpg	31MY1901	0.786
0000492_81OD1693.jpg	81OD1693	0.788
0000493_27T1943.jpg	27T1943	0.790
0000494_39OKI54.jpg	39OKI54	0.791
0000495_76RK094.jpg	76RK094	0.793
0000496_04PU824.jpg	04PU824	0.794
0000497_81VF351.jpg	81VF351	0.796
0000498_75RO2778.jpg	75RO2778	0.798
0000499_35JC555.jpg	35JC555	0.799
0000500_51PS790.jpg	51PS790	0.801
0000501_54ON008.jpg	54ON008	0.802
0000502_62KND66.jpg	62KND66	0.804
0000503_51VY332.jpg	51VY332	0.806
0000504_20U7779.jpg	20U7779	0.807
0000505_41ZKK28.jpg	41ZKK28	0.809
0000506_43MI1922.jpg	43MI1922	0.810
0000507_25V1587.jpg	25V1587	0.812
0000508_31EC436.jpg	31EC436	0.814
0000509_58TN100.jpg	58TN100	0.815
0000510_73UPE99.jpg	73UPE99	0.817
0000511_43EJ095.jpg	43EJ095	0.818
0000512_04J3756.jpg	04J3756	0.820
0000513_25CB896.jpg	25CB896	0.822
0000514_27TPZ38.jpg	27TPZ38	0.823
0000515_65BH682.jpg	65BH682	0.825
0000516_48LP5627.jpg	48LP5627	0.826
0000517_66PR9877.jpg	66PR9877	0.828
0000518_03AZ697.jpg	03AZ697	0.830
0000519_19JHU97.jpg	19JHU97	0.831
0000520_81TS688.jpg	81TS688	0.833
0000521_08P6028.jpg	08P6028	0.834
0000522_20K4210.jpg	20K4210	0.836
0000523_28DK257.jpg	28DK257	0.838
0000524_27PG1208.jpg	27PG1208	0.839
0000525_25TC650.jpg	25TC650	0.841
0000526_41BDR88.jpg	41BDR88	0.842
0000527_64H7321.jpg	64H7321	0.844
0000528_70TC8427.jpg	70TC8427	0.846
0000529_16CK166.jpg	16CK166	0.847
0000530_15B6387.jpg	15B6387	0.849
0000531_39Y0556.jpg	39Y0556	0.850
0000532_62EC822.jpg	62EC822	0.852
0000533_14LVF82.jpg	14LVF82	0.854
0000534_28KM691.jpg	28KM691	0.855
0000535_61KB7343.jpg	61KB7343	0.857
0000536_22UYO26.jpg	22UYO26	0.858
0000537_65G9343.jpg	65G9343	0.860
0000538_19RJ193.jpg	19RJ193	0.862
0000539_36UT3814.jpg	36UT3814	0.863
0000540_05NUH96.jpg	05NUH96	0.865
0000541_49P8946.jpg	49P8946	0.866
0000542_19UEN61.jpg	19UEN61	0.868
0000543_05DH294.jpg	05DH294	0.870
0000544_66O5892.jpg	66O5892	0.871
0000545_71EO9629.jpg	71EO9629	0.873
0000546_64B1051.jpg	64B1051	0.874
0000547_16NR4713.jpg	16NR4713	0.876
0000548_08EU4862.jpg	08EU4862	0.878
0000549_39APR67.jpg	39APR67	0.879
0000550_04M6366.jpg	04M6366	0.881
0000551_24ZE954.jpg	24ZE954	0.882
0000552_39RLM36.jpg	39RLM36	0.884
0000553_12VT2400.jpg	12VT2400	0.886
0000554_12OJ9991.jpg	12OJ9991	0.887
0000555_46R7584.jpg	46R7584	0.889
0000556_05BY150.jpg	05BY150	0.890
0000557_59ZM157.jpg	59ZM157	0.892
0000558_02JK7010.jpg	02JK7010	0.894
0000559_30OS843.jpg	30OS843	0.895
0000560_56ZE7409.jpg	56ZE7409	0.897
0000561_21F8854.jpg	21F8854	0.898
0000562_40AT131.jpg	40AT131	0.900
0000563_63RF5676.jpg	63RF5676	0.902
0000564_73ZV6133.jpg	73ZV6133	0.903
0000565_71ZR0048.jpg	71ZR0048	0.905
0000566_76D3789.jpg	76D3789	0.907
0000567_43VT1781.jpg	43VT1781	0.908
0000568_68HS3692.jpg	68HS3692	0.910
0000569_76FR412.jpg	76FR412	0.911
0000570_76B7065.jpg	76B7065	0.913
0000571_81KP3400.jpg	81KP3400	0.915
0000572_73UR3518.jpg	73UR3518	0.916
0000573_26FJ904.jpg	26FJ904	0.918
0000574_79ITM35.jpg	79ITM35	0.919
0000575_19AYZ29.jpg	19AYZ29	0.921
0000576_48PP277.jpg	48PP277	0.923
0000577_25LM497.jpg	25LM497	0.924
0000578_24PLD99.jpg	24PLD99	0.926
0000579_20ZDJ86.jpg	20ZDJ86	0.927
0000580_33VZ196.jpg	33VZ196	0.929
0000581_36RY5446.jpg	36RY5446	0.931
0000582_51M2129.jpg	51M2129	0.932
0000583_65N3986.jpg	65N3986	0.934
0000584_36NU9237.jpg	36NU9237	0.935
0000585_16DB797.jpg	16DB797	0.937
0000586_38SCK62.jpg	38SCK62	0.939
0000587_68ZM178.jpg	68ZM178	0.940
0000588_73AM319.jpg	73AM319	0.942
0000589_26KC355.jpg	26KC355	0.943
0000590_55VD005.jpg	55VD005	0.945
0000591_56M8174.jpg	56M8174	0.947
0000592_22JU250.jpg	22JU250	0.948
0000593_69VEF59.jpg	69VEF59	0.950
0000594_44JF797.jpg	44JF797	0.951
0000595_60Y2275.jpg	60Y2275	0.953
0000596_79CPR36.jpg	79CPR36	0.955
0000597_49B5941.jpg	49B5941	0.956
0000598_81DD0246.jpg	81DD0246	0.958
0000599_46S9784.jpg	46S9784	0.959
0000600_15NE124.jpg	15NE124	0.961
0000601_49BBY71.jpg	49BBY71	0.963
0000602_08S0347.jpg	08S0347	0.964
0000603_81PUN73.jpg	81PUN73	0.966
0000604_10EN243.jpg	10EN243	0.967
0000605_26YG0182.jpg	26YG0182	0.969
0000606_42JT0464.jpg	42JT0464	0.971
0000607_70FZ2659.jpg	70FZ2659	0.972
0000608_30EL9985.jpg	30EL9985	0.974
0000609_77IYK98.jpg	77IYK98	0.975
0000610_39TD8466.jpg	39TD8466	0.977
0000611_19I7053.jpg	19I7053	0.979
0000612_33CNJ04.jpg	33CNJ04	0.980
0000613_28AF728.jpg	28AF728	0.982
0000614_66RU6976.jpg	66RU6976	0.983
0000615_68EVK37.jpg	68EVK37	0.985
0000616_61U3988.jpg	61U3988	0.987
0000617_25EDG67.jpg	25EDG67	0.988
0000618_73SM8414.jpg	73SM8414	0.990
0000619_39UY582.jpg	39UY582	0.991
0000620_05NRP78.jpg	05NRP78	0.993
0000621_12LE7628.jpg	12LE7628	0.995
0000622_76SK721.jpg	76SK721	0.996
0000623_73I2454.jpg	73I2454	0.998
0000624_43VI0284.jpg	43VI0284	0.999
0000625_39KNO20.jpg	39KNO20	1.000
0000626_40A0847.jpg	40A0847	1.000
0000627_09FD362.jpg	09FD362	1.000
0000628_73FP0738.jpg	73FP0738	1.000
0000629_79IS2055.jpg	79IS2055	1.000
0000630_45IIT85.jpg	45IIT85	1.000
0000631_52PC700.jpg	52PC700	1.000
0000632_39SU031.jpg	39SU031	1.000
0000633_40N6743.jpg	40N6743	1.000
0000634_39BR5875.jpg	39BR5875	1.000
0000635_27DZ4767.jpg	27DZ4767	1.000
0000636_65S0650.jpg	65S0650	1.000
0000637_17VD771.jpg	17VD771	1.000
0000638_60RRM84.jpg	60RRM84	1.000
0000639_21PST67.jpg	21PST67	1.000
0000640_58RO609.jpg	58RO609	1.000
0000641_22I0812.jpg	22I0812	1.000
0000642_57NKH56.jpg	57NKH56	1.000
0000643_34SG2094.jpg	34SG2094	1.000
0000644_39IC6435.jpg	39IC6435	1.000
0000645_21P7856.jpg	21P7856	1.000
0000646_75N3033.jpg	75N3033	1.000
0000647_06D2058.jpg	06D2058	1.000
0000648_52I2566.jpg	52I2566	1.000
0000649_01S2301.jpg	01S2301	1.000
0000650_07KH8701.jpg	07KH8701	1.000
0000651_17JG9936.jpg	17JG9936	1.000
0000652_57NE110.jpg	57NE110	1.000
0000653_55ZD803.jpg	55ZD803	1.000
0000654_41NDE81.jpg	41NDE81	1.000
0000655_78RD320.jpg	78RD320	1.000
0000656_60BZ568.jpg	60BZ568	1.000
0000657_71F3779.jpg	71F3779	1.000
0000658_60LGL59.jpg	60LGL59	1.000
0000659_67UZ2752.jpg	67UZ2752	1.000
0000660_31J4854.jpg	31J4854	1.000
0000661_04UK9384.jpg	04UK9384	1.000
0000662_29GO227.jpg	29GO227	1.000
0000663_72T7890.jpg	72T7890	1.000
0000664_54GA284.jpg	54GA284	1.000
0000665_29MB165.jpg	29MB165	1.000
0000666_42M6487.jpg	42M6487	1.000
0000667_12HD064.jpg	12HD064	1.000
0000668_12I8543.jpg	12I8543	1.000
0000669_58D9625.jpg	58D9625	1.000
0000670_74UC1211.jpg	74UC1211	1.000
0000671_70CKC13.jpg	70CKC13	1.000
0000672_33RD497.jpg	33RD497	1.000
0000673_80EH771.jpg	80EH771	1.000
0000674_04R6087.jpg	04R6087	1.000
0000675_38LS136.jpg	38LS136	1.000
0000676_52J7126.jpg	52J7126	1.000
0000677_33P8458.jpg	33P8458	1.000
0000678_49DE216.jpg	49DE216	1.000
0000679_50LGJ86.jpg	50LGJ86	1.000
0000680_62Z7736.jpg	62Z7736	1.000
0000681_53T9206.jpg	53T9206	1.000
0000682_02MV7722.jpg	02MV7722	1.000
0000683_76JT261.jpg	76JT261	1.000
0000684_44Y3354.jpg	44Y3354	1.000
0000685_21MZ786.jpg	21MZ786	1.000
0000686_43JJ317.jpg	43JJ317	1.000
0000687_02JZ0968.jpg	02JZ0968	1.000
0000688_18T6961.jpg	18T6961	1.000
0000689_81DAM40.jpg	81DAM40	1.000
0000690_18FE628.jpg	18FE628	1.000
0000691_79BCA50.jpg	79BCA50	1.000
0000692_76NV310.jpg	76NV310	1.000
0000693_03T8045.jpg	03T8045	1.000
0000694_16VO185.jpg	16VO185	1.000
0000695_25ETU26.jpg	25ETU26	1.000
0000696_79TR6063.jpg	79TR6063	1.000
0000697_54GK572.jpg	54GK572	1.000
0000698_26KNG32.jpg	26KNG32	1.000
0000699_21YP513.jpg	21YP513	1.000
0000700_21PH911.jpg	21PH911	1.000
0000701_61NMG85.jpg	61NMG85	1.000
0000702_07V7093.jpg	07V7093	1.000
0000703_01CLZ04.jpg	01CLZ04	1.000
0000704_01F3760.jpg	01F3760	1.000
0000705_41FE2373.jpg	41FE2373	1.000
0000706_70RK7390.jpg	70RK7390	1.000
0000707_53OZ5468.jpg	53OZ5468	1.000
0000708_43F5129.jpg	43F5129	1.000
0000709_22RV4572.jpg	22RV4572	1.000
0000710_67TP3267.jpg	67TP3267	1.000
0000711_52O4582.jpg	52O4582	1.000
0000712_44DMB87.jpg	44DMB87	1.000
0000713_80TK320.jpg	80TK320	1.000
0000714_27RJ6550.jpg	27RJ6550	1.000
0000715_02P0060.jpg	02P0060	1.000
0000716_33ED1143.jpg	33ED1143	1.000
0000717_14JYI36.jpg	14JYI36	1.000
0000718_70ZC365.jpg	70ZC365	1.000
0000719_16IRI94.jpg	16IRI94	1.000
0000720_39TZH74.jpg	39TZH74	1.000
0000721_27CI3462.jpg	27CI3462	1.000
0000722_17TC010.jpg	17TC010	1.000
0000723_56PZ964.jpg	56PZ964	1.000
0000724_17JS805.jpg	17JS805	1.000
0000725_22MBP82.jpg	22MBP82	1.000
0000726_64FI3203.jpg	64FI3203	1.000
0000727_24D5097.jpg	24D5097	1.000
0000728_28ZT5070.jpg	28ZT5070	1.000
0000729_05ZK280.jpg	05ZK280	1.000
0000730_34J8061.jpg	34J8061	1.000
0000731_63CME95.jpg	63CME95	1.000
0000732_75JN7712.jpg	75JN7712	1.000
0000733_05KA982.jpg	05KA982	1.000
0000734_12VYN41.jpg	12VYN41	1.000
0000735_41OA650.jpg	41OA650	1.000
0000736_28V6279.jpg	28V6279	1.000
0000737_78N2717.jpg	78N2717	1.000
0000738_57LV9699.jpg	57LV9699	1.000
0000739_59JU4161.jpg	59JU4161	1.000
0000740_79FK750.jpg	79FK750	1.000
0000741_71D7475.jpg	71D7475	1.000
0000742_24BP8067.jpg	24BP8067	1.000
0000743_50VF057.jpg	50VF057	1.000
0000744_03RZ6712.jpg	03RZ6712	1.000
0000745_69JET37.jpg	69JET37	1.000
0000746_54PA8149.jpg	54PA8149	1.000
0000747_77O2961.jpg	77O2961	1.000
0000748_21KR3565.jpg	21KR3565	1.000
0000749_71GNL39.jpg	71GNL39	1.000
0000750_24MJJ02.jpg	24MJJ02	1.000
0000751_55OL1033.jpg	55OL1033	1.000
0000752_55AF2469.jpg	55AF2469	1.000
0000753_05MRN59.jpg	05MRN59	1.000
0000754_76H5860.jpg	76H5860	1.000
0000755_66PK916.jpg	66PK916	1.000
0000756_14JDF37.jpg	14JDF37	1.000
0000757_19F2784.jpg	19F2784	1.000
0000758_24AIF26.jpg	24AIF26	1.000
0000759_61JN3516.jpg	61JN3516	1.000
0000760_78FPA75.jpg	78FPA75	1.000
0000761_73SK778.jpg	73SK778	1.000
0000762_75IC9424.jpg	75IC9424	1.000
0000763_18YD9664.jpg	18YD9664	1.000
0000764_62EM604.jpg	62EM604	1.000
0000765_41I1296.jpg	41I1296	1.000
0000766_80EVU89.jpg	80EVU89	1.000
0000767_17AJJ82.jpg	17AJJ82	1.000
0000768_23VV821.jpg	23VV821	1.000
0000769_38GU856.jpg	38GU856	1.000
0000770_19BKE84.jpg	19BKE84	1.000
0000771_52J1335.jpg	52J1335	1.000
0000772_58RF2262.jpg	58RF2262	1.000
0000773_44MA6497.jpg	44MA6497	1.000
0000774_44HET30.jpg	44HET30	1.000
0000775_35JGF77.jpg	35JGF77	1.000
0000776_29RZU63.jpg	29RZU63	1.000
0000777_71LB1579.jpg	71LB1579	1.000
0000778_33TV001.jpg	33TV001	1.000
0000779_65KSI51.jpg	65KSI51	1.000
0000780_68G7551.jpg	68G7551	1.000
0000781_37LP6676.jpg	37LP6676	1.000
0000782_76VF3016.jpg	76VF3016	1.000
0000783_50LR9235.jpg	50LR9235	1.000
0000784_36GOV47.jpg	36GOV47	1.000
0000785_41FFJ82.jpg	41FFJ82	1.000
0000786_46SPD95.jpg	46SPD95	1.000
0000787_06S5830.jpg	06S5830	1.000
0000788_05T9670.jpg	05T9670	1.000
0000789_10PU339.jpg	10PU339	1.000
0000790_38OKE24.jpg	38OKE24	1.000
0000791_42TM493.jpg	42TM493	1.000
0000792_22GP2516.jpg	22GP2516	1.000
0000793_13ZAS29.jpg	13ZAS29	1.000
0000794_14S5994.jpg	14S5994	1.000
0000795_29HL738.jpg	29HL738	1.000
0000796_64NR172.jpg	64NR172	1.000
0000797_65LH130.jpg	65LH130	1.000
0000798_71NP0771.jpg	71NP0771	1.000
0000799_28AEK24.jpg	28AEK24	1.000
0000800_60ZN0012.jpg	60ZN0012	1.000
0000801_80UK500.jpg	80UK500	1.000
0000802_69HD099.jpg	69HD099	1.000
0000803_65BH5525.jpg	65BH5525	1.000
0000804_34IU0861.jpg	34IU0861	1.000
0000805_56TL358.jpg	56TL358	1.000
0000806_17UG553.jpg	17UG553	1.000
0000807_69LH4340.jpg	69LH4340	1.000
0000808_31HK4406.jpg	31HK4406	1.000
0000809_62L1176.jpg	62L1176	1.000
0000810_11EM961.jpg	11EM961	1.000
0000811_55KC276.jpg	55KC276	1.000
0000812_77NA414.jpg	77NA414	1.000
0000813_18FS0929.jpg	18FS0929	1.000
0000814_17RVR44.jpg	17RVR44	1.000
0000815_10JEP03.jpg	10JEP03	1.000
0000816_58YDL78.jpg	58YDL78	1.000
0000817_36NE167.jpg	36NE167	1.000
0000818_20T2017.jpg	20T2017	1.000
0000819_30LO8832.jpg	30LO8832	1.000
0000820_01OM0676.jpg	01OM0676	1.000
0000821_16G5709.jpg	16G5709	1.000
0000822_04AD093.jpg	04AD093	1.000
0000823_48B5272.jpg	48B5272	1.000
0000824_13EN2067.jpg	13EN2067	1.000
0000825_48CVP69.jpg	48CVP69	1.000
0000826_39DL1598.jpg	39DL1598	1.000
0000827_29NB715.jpg	29NB715	1.000
0000828_70F5201.jpg	70F5201	1.000
0000829_16RD4009.jpg	16RD4009	1.000
0000830_80AF021.jpg	80AF021	1.000
0000831_79IFB15.jpg	79IFB15	1.000
0000832_48P9477.jpg	48P9477	1.000
0000833_04P6464.jpg	04P6464	1.000
0000834_59FI5374.jpg	59FI5374	1.000
0000835_36RR1961.jpg	36RR1961	1.000
0000836_77J1421.jpg	77J1421	1.000
0000837_45B6706.jpg	45B6706	1.000
0000838_33NVG06.jpg	33NVG06	1.000
0000839_04ENY51.jpg	04ENY51	1.000
0000840_76H7627.jpg	76H7627	1.000
0000841_15UF1811.jpg	15UF1811	1.000
0000842_81BZ3269.jpg	81BZ3269	1.000
0000843_75RL735.jpg	75RL735	1.000
0000844_47PUT13.jpg	47PUT13	1.000
0000845_03AI234.jpg	03AI234	1.000
0000846_09SB9487.jpg	09SB9487	1.000
0000847_04OKF58.jpg	04OKF58	1.000
0000848_70ZK6608.jpg	70ZK6608	1.000
0000849_59JMH90.jpg	59JMH90	1.000
0000850_49AT842.jpg	49AT842	1.000
0000851_59EA001.jpg	59EA001	1.000
0000852_57TG508.jpg	57TG508	1.000
0000853_34UV1158.jpg	34UV1158	1.000
0000854_66JUF80.jpg	66JUF80	1.000
0000855_70TB407.jpg	70TB407	1.000
0000856_59M2454.jpg	59M2454	1.000
0000857_45T8295.jpg	45T8295	1.000
0000858_19OM545.jpg	19OM545	1.000
0000859_43EHV57.jpg	43EHV57	1.000
0000860_16E4914.jpg	16E4914	1.000
0000861_32ZT6160.jpg	32ZT6160	1.000
0000862_44D9772.jpg	44D9772	1.000
0000863_69AJ8322.jpg	69AJ8322	1.000
0000864_70R3374.jpg	70R3374	1.000
0000865_15C8854.jpg	15C8854	1.000
0000866_20F2635.jpg	20F2635	1.000
0000867_71F8181.jpg	71F8181	1.000
0000868_61OSV45.jpg	61OSV45	1.000
0000869_11DT6140.jpg	11DT6140	1.000
0000870_10NU7340.jpg	10NU7340	1.000
0000871_52FNP89.jpg	52FNP89	1.000
0000872_26IAY67.jpg	26IAY67	1.000
0000873_72M2699.jpg	72M2699	1.000
0000874_81VV205.jpg	81VV205	1.000
0000875_21OTF21.jpg	21OTF21	1.000
0000876_54U2145.jpg	54U2145	1.000
0000877_10JL3197.jpg	10JL3197	1.000
0000878_59LKS18.jpg	59LKS18	1.000
0000879_19OZN15.jpg	19OZN15	1.000
0000880_76ICT48.jpg	76ICT48	1.000
0000881_58HEG07.jpg	58HEG07	1.000
0000882_55NL2461.jpg	55NL2461	1.000
0000883_11P2446.jpg	11P2446	1.000
0000884_76JRV06.jpg	76JRV06	1.000
0000885_11LL2486.jpg	11LL2486	1.000
0000886_75RL100.jpg	75RL100	1.000
0000887_03Z5328.jpg	03Z5328	1.000
0000888_05PA6951.jpg	05PA6951	1.000
0000889_47L7273.jpg	47L7273	1.000
0000890_44BH3507.jpg	44BH3507	1.000
0000891_20TP0207.jpg	20TP0207	1.000
0000892_59DHT97.jpg	59DHT97	1.000
0000893_18GTS64.jpg	18GTS64	1.000
0000894_06KDU54.jpg	06KDU54	1.000
0000895_11VD089.jpg	11VD089	1.000
0000896_34ZOE25.jpg	34ZOE25	1.000
0000897_24FH758.jpg	24FH758	1.000
0000898_11AY3936.jpg	11AY3936	1.000
0000899_17ZDE56.jpg	17ZDE56	1.000
0000900_59F1484.jpg	59F1484	1.000
0000901_10GT0825.jpg	10GT0825	1.000
0000902_35LKY95.jpg	35LKY95	1.000
0000903_52ZSM18.jpg	52ZSM18	1.000
0000904_10B2634.jpg	10B2634	1.000
0000905_29V9010.jpg	29V9010	1.000
0000906_19FF344.jpg	19FF344	1.000
0000907_54LII09.jpg	54LII09	1.000
0000908_62PKT83.jpg	62PKT83	1.000
0000909_42DSI12.jpg	42DSI12	1.000
0000910_40KE027.jpg	40KE027	1.000
0000911_57FZ895.jpg	57FZ895	1.000
0000912_33YM5997.jpg	33YM5997	1.000
0000913_31DH6000.jpg	31DH6000	1.000
0000914_53VYK52.jpg	53VYK52	1.000
0000915_61ZU842.jpg	61ZU842	1.000
0000916_23EC618.jpg	23EC618	1.000
0000917_62ZE589.jpg	62ZE589	1.000
0000918_09LB7449.jpg	09LB7449	1.000
0000919_02Y9519.jpg	02Y9519	1.000
0000920_78OUP99.jpg	78OUP99	1.000
0000921_06BI5247.jpg	06BI5247	1.000
0000922_60JA111.jpg	60JA111	1.000
0000923_36KBH57.jpg	36KBH57	1.000
0000924_23SR928.jpg	23SR928	1.000
0000925_41LH261.jpg	41LH261	1.000
0000926_52BNU89.jpg	52BNU89	1.000
0000927_72RY636.jpg	72RY636	1.000
0000928_72MH7288.jpg	72MH7288	1.000
0000929_61H2403.jpg	61H2403	1.000
0000930_70LJ824.jpg	70LJ824	1.000
0000931_38U9389.jpg	38U9389	1.000
0000932_40P2091.jpg	40P2091	1.000
0000933_10S6567.jpg	10S6567	1.000
0000934_70NLB25.jpg	70NLB25	1.000
0000935_03VVL38.jpg	03VVL38	1.000
0000936_57JLN11.jpg	57JLN11	1.000
0000937_30CL648.jpg	30CL648	1.000
0000938_33L9172.jpg	33L9172	1.000
0000939_48AS163.jpg	48AS163	1.000
0000940_19C2604.jpg	19C2604	1.000
0000941_34VC6562.jpg	34VC6562	1.000
0000942_52MM115.jpg	52MM115	1.000
0000943_14O7739.jpg	14O7739	1.000
0000944_52EP172.jpg	52EP172	1.000
0000945_37J2874.jpg	37J2874	1.000
0000946_12VK9342.jpg	12VK9342	1.000
0000947_75YP8733.jpg	75YP8733	1.000
0000948_57PV874.jpg	57PV874	1.000
0000949_70NI3428.jpg	70NI3428	1.000
0000950_05PGP93.jpg	05PGP93	1.000
0000951_66U7048.jpg	66U7048	1.000
0000952_20UT943.jpg	20UT943	1.000
0000953_64NDA90.jpg	64NDA90	1.000
0000954_49FB680.jpg	49FB680	1.000
0000955_25KAO28.jpg	25KAO28	1.000
0000956_70CRF13.jpg	70CRF13	1.000
0000957_20C8251.jpg	20C8251	1.000
0000958_30R1906.jpg	30R1906	1.000
0000959_30KD1553.jpg	30KD1553	1.000
0000960_56VH667.jpg	56VH667	1.000
0000961_07GP4693.jpg	07GP4693	1.000
0000962_12EM4587.jpg	12EM4587	1.000
0000963_74C3958.jpg	74C3958	1.000
0000964_44MJ4130.jpg	44MJ4130	1.000
0000965_26ACV21.jpg	26ACV21	1.000
0000966_05HP662.jpg	05HP662	1.000
0000967_17Y3982.jpg	17Y3982	1.000
0000968_30G4248.jpg	30G4248	1.000
0000969_22V5993.jpg	22V5993	1.000
0000970_34G7806.jpg	34G7806	1.000
0000971_32EU644.jpg	32EU644	1.000
0000972_58GB3642.jpg	58GB3642	1.000
0000973_12IC4673.jpg	12IC4673	1.000
0000974_24KA7471.jpg	24KA7471	1.000
0000975_07YF3953.jpg	07YF3953	1.000
0000976_66Y2871.jpg	66Y2871	1.000
0000977_28FO2478.jpg	28FO2478	1.000
0000978_03TK482.jpg	03TK482	1.000
0000979_64VBR94.jpg	64VBR94	1.000
0000980_33PA071.jpg	33PA071	1.000
0000981_44YAZ50.jpg	44YAZ50	1.000
0000982_10HA5310.jpg	10HA5310	1.000
0000983_39DE928.jpg	39DE928	1.000
0000984_66U2516.jpg	66U2516	1.000
0000985_43PH8923.jpg	43PH8923	1.000
0000986_58GTB75.jpg	58GTB75	1.000
0000987_70KH754.jpg	70KH754	1.000
0000988_81HB114.jpg	81HB114	1.000
0000989_33B8255.jpg	33B8255	1.000
0000990_26MP0862.jpg	26MP0862	1.000
0000991_60YG503.jpg	60YG503	1.000
0000992_15V7271.jpg	15V7271	1.000
0000993_47L7024.jpg	47L7024	1.000
0000994_45MG098.jpg	45MG098	1.000
0000995_30RE3997.jpg	30RE3997	1.000
0000996_66L2432.jpg	66L2432	1.000
0000997_06CDT10.jpg	06CDT10	1.000
0000998_49BC098.jpg	49BC098	1.000
0000999_55TNR47.jpg	55TNR47	1.000
